user_email,family_size,house_type,district,milk_packets,deliveries,oil_type,bottles,segregation,food_waste,compost,garden_waste,old_devices,batteries,disposal_method,family_size_encoded,batteries_encoded,fraud_probability,fraud_flag
user11@gmail.com,6+,Apartment,Kollam,6,9,Plastic packet,7+,Never,250g_500g,collector,no,1,1-2,sell,3,0,71.98,1
user30@gmail.com,6+,Small house,Malappuram,5,2,Loose / refill,1-3,Sometimes,250g_500g,community,daily,0,3-5,sell,3,1,73.47,1
user50@gmail.com,6+,Large house,Kasaragod,6,16,Plastic bottle,1-3,Always,250g_500g,biomethanation,daily,0,1-2,recycle,3,0,71.24,1
user70@gmail.com,6+,Apartment,Kozhikode,5,5,Plastic bottle,1-3,Always,250g_500g,biomethanation,daily,0,none,sell,3,3,74.07,1
user84@gmail.com,1,Large house,Thiruvananthapuram,0,9,Plastic packet,4-7,Sometimes,250g_500g,biomethanation,no,0,none,sell,0,3,79.49,1
user97@gmail.com,6+,Small house,Wayanad,6,6,Loose / refill,,Never,250g_500g,biomethanation,weekly,0,6+,trash,3,2,72.9,1
user106@gmail.com,6+,Large house,Kottayam,5,2,Loose / refill,1-3,Never,250g_500g,collector,monthly,0,1-2,recycle,3,0,77.68,1
user108@gmail.com,6+,Small house,Kollam,6,2,Plastic bottle,1-3,Sometimes,250g_500g,biomethanation,weekly,1,1-2,trash,3,0,87.34,1
user144@gmail.com,6+,Small house,Kozhikode,5,16,Plastic bottle,1-3,Sometimes,250g_500g,collector,no,0,none,recycle,3,3,76.31,1
user152@gmail.com,1,Small house,Thiruvananthapuram,1,2,Plastic bottle,,Never,250g_500g,biomethanation,monthly,0,none,sell,0,3,83.92,1
user160@gmail.com,6+,Apartment,Palakkad,5,18,Loose / refill,1-3,Sometimes,250g_500g,collector,daily,0,none,store,3,3,76.99,1
user172@gmail.com,1,Apartment,Wayanad,0,19,Loose / refill,,Never,250g_500g,mixed,weekly,0,none,sell,0,3,90.57,1
user215@gmail.com,1,Apartment,Thiruvananthapuram,0,20,Loose / refill,4-7,Never,250g_500g,biomethanation,no,0,1-2,recycle,0,0,87.75,1
user225@gmail.com,6+,Small house,Thrissur,6,5,Plastic packet,4-7,Never,250g_500g,biomethanation,weekly,0,1-2,sell,3,0,72.17,1
user237@gmail.com,6+,Large house,Malappuram,6,16,Plastic packet,7+,Always,250g_500g,collector,monthly,0,1-2,recycle,3,0,71.24,1
user248@gmail.com,6+,Apartment,Wayanad,6,17,Loose / refill,1-3,Never,250g_500g,biomethanation,monthly,0,1-2,trash,3,0,72.7,1
user261@gmail.com,6+,Apartment,Kozhikode,6,2,Plastic bottle,1-3,Never,250g_500g,mixed,daily,1,6+,recycle,3,2,86.72,1
user272@gmail.com,6+,Apartment,Palakkad,6,16,Plastic packet,,Always,250g_500g,home_compost,daily,0,3-5,trash,3,1,70.6,1
user317@gmail.com,6+,Small house,Ernakulam,6,2,Loose / refill,4-7,Always,250g_500g,biomethanation,monthly,0,1-2,recycle,3,0,86.3,1
user352@gmail.com,1,Apartment,Kollam,1,20,Loose / refill,1-3,Always,250g_500g,community,monthly,0,6+,sell,0,2,70.46,1
user363@gmail.com,1,Large house,Pathanamthitta,0,3,Plastic bottle,7+,Sometimes,250g_500g,home_compost,no,0,1-2,store,0,0,73.5,1
user380@gmail.com,1,Apartment,Wayanad,0,3,Loose / refill,7+,Always,250g_500g,home_compost,no,0,1-2,store,0,0,73.5,1
user382@gmail.com,6+,Small house,Palakkad,6,2,Plastic packet,1-3,Never,250g_500g,collector,daily,0,3-5,recycle,3,1,84.6,1
user392@gmail.com,6+,Large house,Kozhikode,6,18,Plastic bottle,1-3,Sometimes,250g_500g,collector,daily,1,1-2,recycle,3,0,76.35,1
user416@gmail.com,6+,Small house,Thiruvananthapuram,5,20,Plastic bottle,4-7,Always,250g_500g,collector,daily,0,3-5,recycle,3,1,73.0,1
user417@gmail.com,6+,Large house,Kottayam,5,18,Loose / refill,1-3,Never,250g_500g,biomethanation,monthly,0,none,trash,3,3,76.99,1
user422@gmail.com,1,Small house,Wayanad,0,16,Plastic bottle,,Never,250g_500g,biomethanation,weekly,0,1-2,trash,0,0,74.18,1
user438@gmail.com,1,Small house,Kottayam,0,20,Plastic packet,7+,Sometimes,250g_500g,community,monthly,0,3-5,sell,0,1,75.72,1
user454@gmail.com,1,Large house,Thiruvananthapuram,0,19,Plastic bottle,,Sometimes,250g_500g,biomethanation,monthly,0,1-2,sell,0,0,80.81,1
user464@gmail.com,6+,Small house,Pathanamthitta,6,2,Loose / refill,4-7,Sometimes,250g_500g,collector,no,0,3-5,trash,3,1,84.6,1
user482@gmail.com,6+,Large house,Kannur,5,19,Plastic bottle,,Always,250g_500g,community,daily,1,none,recycle,3,3,77.92,1
user491@gmail.com,1,Large house,Palakkad,0,2,Loose / refill,,Always,250g_500g,biomethanation,monthly,1,1-2,recycle,0,0,81.26,1
user498@gmail.com,1,Small house,Kozhikode,0,19,Plastic packet,1-3,Never,250g_500g,biomethanation,daily,0,6+,trash,0,2,72.93,1
user511@gmail.com,1,Large house,Kannur,0,6,Plastic packet,7+,Sometimes,less_250g,biomethanation,weekly,2,none,trash,0,3,82.75,1
user514@gmail.com,1,Large house,Kannur,0,2,Plastic packet,1-3,Always,less_250g,mixed,weekly,2,1-2,store,0,0,84.97,1
user544@gmail.com,6+,Small house,Thrissur,5,19,Plastic packet,1-3,Never,more_1kg,worm_compost,weekly,4,none,store,3,3,79.57,1
user546@gmail.com,6+,Small house,Thrissur,6,14,Loose / refill,4-7,Sometimes,more_1kg,worm_compost,no,4,1-2,trash,3,0,82.44,1
user566@gmail.com,1,Large house,Palakkad,0,6,Plastic bottle,7+,Never,less_250g,community,daily,3,6+,store,0,2,70.86,1
user568@gmail.com,1,Small house,Kottayam,1,4,Plastic packet,1-3,Always,less_250g,community,monthly,4,1-2,recycle,0,0,72.89,1
user571@gmail.com,1,Small house,Kannur,0,4,Plastic bottle,,Always,less_250g,mixed,daily,3,none,sell,0,3,87.98,1
user575@gmail.com,1,Small house,Wayanad,0,4,Loose / refill,,Sometimes,less_250g,biomethanation,no,4,1-2,recycle,0,0,85.46,1
user576@gmail.com,1,Small house,Thrissur,1,8,Plastic bottle,7+,Sometimes,less_250g,collector,no,4,none,store,0,3,73.3,1
user577@gmail.com,1,Small house,Kannur,0,16,Plastic packet,,Always,less_250g,home_compost,daily,0,1-2,store,0,0,74.18,1
user578@gmail.com,6+,Large house,Kasaragod,5,2,Plastic packet,,Never,more_1kg,biomethanation,daily,1,none,trash,3,3,82.08,1
user582@gmail.com,6+,Small house,Kasaragod,5,5,Plastic bottle,4-7,Always,more_1kg,community,no,3,1-2,store,3,0,72.5,1
user588@gmail.com,6+,Apartment,Thiruvananthapuram,5,6,Plastic packet,4-7,Sometimes,more_1kg,collector,monthly,4,none,recycle,3,3,79.8,1
user596@gmail.com,1,Small house,Palakkad,0,18,Plastic packet,7+,Never,less_250g,community,daily,0,1-2,store,0,0,79.93,1
user641@gmail.com,6+,Small house,Idukki,6,4,Loose / refill,7+,Always,more_1kg,worm_compost,daily,1,1-2,store,3,0,78.31,1
user655@gmail.com,1,Large house,Pathanamthitta,0,4,Loose / refill,4-7,Sometimes,less_250g,mixed,daily,1,6+,sell,0,2,74.03,1
user662@gmail.com,1,Large house,Kannur,0,10,Loose / refill,1-3,Never,less_250g,collector,weekly,0,none,store,0,3,79.69,1
user677@gmail.com,6+,Small house,Kannur,5,20,Plastic bottle,1-3,Always,more_1kg,biomethanation,daily,4,3-5,trash,3,1,83.75,1
user699@gmail.com,1,Large house,Pathanamthitta,0,5,Plastic packet,4-7,Always,less_250g,collector,daily,2,none,sell,0,3,87.16,1
user704@gmail.com,6+,Large house,Kollam,6,15,Loose / refill,1-3,Always,more_1kg,biomethanation,weekly,2,6+,trash,3,2,72.68,1
user705@gmail.com,1,Small house,Kannur,0,2,Plastic bottle,7+,Never,less_250g,mixed,monthly,3,3-5,trash,0,1,79.56,1
user709@gmail.com,6+,Apartment,Kollam,5,17,Plastic bottle,7+,Sometimes,more_1kg,collector,daily,3,none,trash,3,3,71.92,1
user714@gmail.com,1,Large house,Ernakulam,1,20,Loose / refill,,Sometimes,less_250g,community,daily,4,3-5,sell,0,1,74.31,1
user720@gmail.com,6+,Small house,Palakkad,5,4,Plastic packet,1-3,Never,more_1kg,mixed,monthly,3,3-5,store,3,1,71.72,1
user722@gmail.com,1,Small house,Kollam,0,19,Plastic packet,7+,Never,less_250g,worm_compost,monthly,0,none,store,0,3,90.57,1
user739@gmail.com,6+,Large house,Kottayam,5,2,Loose / refill,7+,Always,more_1kg,collector,daily,4,none,recycle,3,3,92.09,1
user743@gmail.com,6+,Large house,Kannur,5,19,Loose / refill,7+,Never,more_1kg,community,weekly,3,none,sell,3,3,77.57,1
user752@gmail.com,6+,Small house,Ernakulam,6,10,Plastic packet,4-7,Never,more_1kg,home_compost,monthly,3,3-5,store,3,1,73.32,1
user775@gmail.com,6+,Large house,Palakkad,4,2,Loose / refill,4-7,Always,more_1kg,collector,monthly,4,3-5,sell,3,1,77.18,1
user782@gmail.com,6+,Large house,Pathanamthitta,6,15,Plastic bottle,7+,Sometimes,more_1kg,community,no,3,6+,trash,3,2,76.19,1
user787@gmail.com,6+,Small house,Malappuram,5,18,Plastic bottle,,Always,more_1kg,worm_compost,no,4,none,trash,3,3,77.41,1
user794@gmail.com,6+,Small house,Ernakulam,6,5,Loose / refill,4-7,Always,more_1kg,collector,weekly,2,1-2,store,3,0,76.43,1
user811@gmail.com,1,Small house,Kozhikode,0,2,Loose / refill,1-3,Always,less_250g,worm_compost,daily,0,1-2,recycle,0,0,80.3,1
user828@gmail.com,1,Large house,Kozhikode,0,16,Plastic bottle,7+,Never,less_250g,collector,no,2,1-2,trash,0,0,75.52,1
user876@gmail.com,6+,Large house,Kollam,6,14,Loose / refill,7+,Sometimes,more_1kg,community,no,0,none,sell,3,3,82.77,1
user898@gmail.com,6+,Apartment,Kasaragod,6,5,Loose / refill,7+,Never,more_1kg,collector,monthly,2,none,store,3,3,81.09,1
user901@gmail.com,6+,Large house,Kasaragod,6,17,Plastic bottle,4-7,Always,more_1kg,home_compost,no,4,none,recycle,3,3,86.71,1
user904@gmail.com,6+,Large house,Thiruvananthapuram,5,5,Plastic bottle,4-7,Sometimes,more_1kg,mixed,weekly,3,none,recycle,3,3,76.55,1
user940@gmail.com,1,Apartment,Thiruvananthapuram,0,9,Loose / refill,1-3,Never,less_250g,mixed,monthly,2,none,recycle,0,3,80.24,1
user959@gmail.com,6+,Apartment,Idukki,5,8,Plastic packet,1-3,Never,more_1kg,mixed,no,3,1-2,trash,3,0,70.07,1
user964@gmail.com,1,Apartment,Idukki,0,2,Plastic bottle,7+,Never,less_250g,collector,weekly,2,6+,recycle,0,2,78.61,1
user982@gmail.com,6+,Large house,Thrissur,6,17,Loose / refill,,Sometimes,more_1kg,biomethanation,daily,2,3-5,store,3,1,72.94,1
user995@gmail.com,1,Large house,Kannur,0,17,Plastic packet,,Never,less_250g,collector,weekly,1,1-2,sell,0,0,73.49,1
user997@gmail.com,6+,Large house,Kannur,6,17,Plastic packet,7+,Always,more_1kg,mixed,monthly,1,3-5,recycle,3,1,72.5,1
user1003@gmail.com,6+,Apartment,Kozhikode,6,14,Plastic bottle,,Never,more_1kg,collector,monthly,4,3-5,trash,3,1,79.87,1
user1016@gmail.com,6+,Large house,Palakkad,6,4,Plastic bottle,,Never,more_1kg,biomethanation,weekly,2,3-5,sell,3,1,76.94,1
user1017@gmail.com,6+,Large house,Palakkad,6,3,Plastic bottle,1-3,Sometimes,more_1kg,collector,daily,0,1-2,trash,3,0,81.37,1
user1024@gmail.com,1,Large house,Kozhikode,0,19,Loose / refill,1-3,Always,less_250g,community,weekly,2,3-5,recycle,0,1,70.84,1
user1031@gmail.com,1,Small house,Thiruvananthapuram,0,12,Loose / refill,4-7,Sometimes,less_250g,worm_compost,no,3,none,sell,0,3,77.17,1
user1048@gmail.com,1,Large house,Kollam,0,17,Loose / refill,1-3,Never,less_250g,community,daily,3,3-5,sell,0,1,70.42,1
user1062@gmail.com,1,Apartment,Kollam,0,9,Plastic bottle,4-7,Never,less_250g,mixed,weekly,4,6+,sell,0,2,70.35,1
user1064@gmail.com,6+,Apartment,Kozhikode,6,11,Loose / refill,,Always,more_1kg,worm_compost,daily,4,1-2,sell,3,0,84.95,1
user1065@gmail.com,6+,Large house,Palakkad,5,8,Plastic bottle,1-3,Always,more_1kg,community,weekly,3,none,store,3,3,75.27,1
user1068@gmail.com,1,Large house,Kollam,0,15,Loose / refill,,Sometimes,less_250g,biomethanation,weekly,4,6+,store,0,2,70.59,1
user1078@gmail.com,6+,Small house,Kozhikode,6,16,Plastic packet,,Never,more_1kg,home_compost,daily,4,6+,trash,3,2,79.17,1
user1104@gmail.com,1,Small house,Kottayam,0,11,Plastic bottle,7+,Always,less_250g,collector,no,1,none,recycle,0,3,79.32,1
user1109@gmail.com,6+,Large house,Thiruvananthapuram,6,6,Loose / refill,7+,Never,more_1kg,community,weekly,2,1-2,trash,3,0,76.23,1
user1110@gmail.com,1,Small house,Idukki,0,5,Plastic packet,7+,Never,less_250g,community,daily,4,none,trash,0,3,90.06,1
user1146@gmail.com,1,Apartment,Kasaragod,1,3,Plastic bottle,,Never,less_250g,home_compost,weekly,3,none,sell,0,3,79.83,1
user1154@gmail.com,6+,Large house,Thrissur,6,19,Plastic packet,7+,Always,more_1kg,biomethanation,weekly,4,1-2,store,3,0,91.85,1
user1171@gmail.com,1,Small house,Thiruvananthapuram,0,16,Plastic bottle,7+,Always,less_250g,community,daily,0,none,recycle,0,3,85.55,1
user1179@gmail.com,6+,Large house,Pathanamthitta,5,16,Loose / refill,1-3,Always,more_1kg,community,no,4,none,trash,3,3,77.19,1
user1199@gmail.com,6+,Apartment,Kannur,6,9,Loose / refill,7+,Sometimes,more_1kg,biomethanation,monthly,4,none,recycle,3,3,88.69,1
user1212@gmail.com,6+,Small house,Wayanad,6,5,Loose / refill,,Sometimes,more_1kg,biomethanation,daily,4,none,sell,3,3,91.73,1
user1215@gmail.com,1,Small house,Malappuram,0,18,Plastic bottle,4-7,Never,less_250g,biomethanation,daily,3,none,trash,0,3,84.27,1
user1249@gmail.com,1,Large house,Kollam,0,16,Plastic bottle,1-3,Never,less_250g,collector,daily,4,6+,sell,0,2,73.53,1
user1253@gmail.com,1,Small house,Pathanamthitta,0,20,Plastic packet,7+,Always,less_250g,biomethanation,weekly,4,1-2,recycle,0,0,100.0,1
user1256@gmail.com,6+,Apartment,Thiruvananthapuram,6,16,Loose / refill,,Sometimes,more_1kg,community,daily,3,none,store,3,3,83.34,1
user1259@gmail.com,1,Small house,Thiruvananthapuram,0,19,Loose / refill,4-7,Sometimes,less_250g,collector,daily,4,6+,sell,0,2,80.5,1
user1261@gmail.com,6+,Small house,Thrissur,5,19,Plastic bottle,7+,Always,more_1kg,home_compost,daily,1,6+,sell,3,2,72.88,1
user1283@gmail.com,6+,Small house,Idukki,5,5,Plastic packet,1-3,Sometimes,more_1kg,worm_compost,weekly,1,none,sell,3,3,72.65,1
user1285@gmail.com,6+,Apartment,Alappuzha,6,10,Plastic bottle,4-7,Always,more_1kg,community,monthly,2,none,store,3,3,79.82,1
user1302@gmail.com,1,Small house,Kozhikode,0,15,Plastic packet,4-7,Always,less_250g,mixed,daily,2,1-2,recycle,0,0,72.16,1
user1303@gmail.com,6+,Apartment,Thrissur,5,3,Plastic bottle,,Sometimes,more_1kg,community,weekly,0,1-2,store,3,0,72.38,1
user1314@gmail.com,6+,Small house,Kozhikode,5,20,Plastic bottle,4-7,Always,more_1kg,community,no,3,1-2,recycle,3,0,83.8,1
user1341@gmail.com,1,Apartment,Kozhikode,0,5,Plastic bottle,4-7,Never,less_250g,mixed,daily,4,none,store,0,3,90.06,1
user1353@gmail.com,6+,Apartment,Palakkad,6,13,Plastic bottle,4-7,Sometimes,more_1kg,biomethanation,daily,2,none,sell,3,3,81.87,1
user1365@gmail.com,1,Small house,Kottayam,0,2,Plastic bottle,,Sometimes,less_250g,worm_compost,monthly,2,3-5,trash,0,1,78.49,1
user1368@gmail.com,1,Large house,Ernakulam,0,4,Plastic bottle,,Always,less_250g,mixed,weekly,3,none,trash,0,3,87.98,1
user1384@gmail.com,1,Apartment,Malappuram,0,12,Loose / refill,7+,Sometimes,less_250g,worm_compost,weekly,0,none,recycle,0,3,80.26,1
user1392@gmail.com,6+,Large house,Kollam,3,20,Loose / refill,7+,Never,more_1kg,collector,monthly,0,none,recycle,3,3,73.13,1
user1393@gmail.com,6+,Apartment,Kottayam,5,20,Plastic bottle,,Never,more_1kg,biomethanation,weekly,4,6+,trash,3,2,79.6,1
user1403@gmail.com,1,Small house,Thiruvananthapuram,0,14,Loose / refill,7+,Sometimes,less_250g,mixed,weekly,4,none,trash,0,3,86.23,1
user1430@gmail.com,6+,Apartment,Kannur,6,9,Plastic packet,4-7,Always,more_1kg,community,no,4,1-2,store,3,0,86.6,1
user1433@gmail.com,1,Small house,Kannur,0,7,Loose / refill,4-7,Sometimes,less_250g,home_compost,daily,3,1-2,store,0,0,71.94,1
user1435@gmail.com,1,Large house,Thiruvananthapuram,0,10,Loose / refill,4-7,Never,less_250g,biomethanation,weekly,2,none,recycle,0,3,79.46,1
user1437@gmail.com,6+,Large house,Alappuzha,6,6,Plastic packet,1-3,Always,more_1kg,mixed,monthly,2,1-2,recycle,3,0,76.23,1
user1440@gmail.com,1,Apartment,Alappuzha,0,15,Plastic packet,7+,Never,less_250g,collector,daily,3,none,sell,0,3,79.65,1
user1445@gmail.com,1,Apartment,Alappuzha,1,18,Loose / refill,1-3,Never,less_250g,community,no,4,none,store,0,3,81.31,1
user1464@gmail.com,1,Apartment,Ernakulam,0,11,Plastic packet,7+,Sometimes,less_250g,biomethanation,monthly,4,1-2,recycle,0,0,79.31,1
user1480@gmail.com,6+,Apartment,Malappuram,5,2,Plastic bottle,7+,Never,more_1kg,home_compost,monthly,1,none,recycle,3,3,82.08,1
user1481@gmail.com,1,Large house,Malappuram,0,16,Loose / refill,1-3,Sometimes,less_250g,community,weekly,1,none,recycle,0,3,82.64,1
user1501@gmail.com,1,Large house,Kottayam,1,2,Loose / refill,7+,Always,less_250g,worm_compost,daily,4,6+,recycle,0,2,73.69,1
user1513@gmail.com,6+,Large house,Kasaragod,5,5,Loose / refill,4-7,Never,more_1kg,mixed,daily,4,6+,store,3,2,77.35,1
user1514@gmail.com,6+,Apartment,Kannur,6,10,Loose / refill,1-3,Never,more_1kg,biomethanation,no,4,6+,store,3,2,77.66,1
user1531@gmail.com,1,Large house,Malappuram,0,15,Plastic packet,4-7,Sometimes,less_250g,collector,monthly,2,none,recycle,0,3,79.4,1
user1533@gmail.com,1,Apartment,Ernakulam,0,17,Plastic bottle,,Always,less_250g,community,weekly,4,1-2,trash,0,0,88.08,1
user1545@gmail.com,6+,Apartment,Kozhikode,6,19,Plastic bottle,7+,Never,more_1kg,community,monthly,1,3-5,trash,3,1,75.65,1
user1559@gmail.com,6+,Apartment,Kozhikode,5,14,Loose / refill,7+,Sometimes,more_1kg,home_compost,daily,2,none,sell,3,3,71.35,1
user1561@gmail.com,6+,Large house,Thrissur,6,7,Plastic bottle,,Always,more_1kg,biomethanation,weekly,4,6+,sell,3,2,81.2,1
user1578@gmail.com,1,Small house,Thrissur,0,12,Plastic packet,4-7,Always,less_250g,collector,weekly,2,none,sell,0,3,76.87,1
user1587@gmail.com,6+,Apartment,Malappuram,6,15,Loose / refill,7+,Always,more_1kg,biomethanation,daily,2,6+,store,3,2,72.68,1
user1592@gmail.com,6+,Small house,Ernakulam,6,17,Loose / refill,7+,Sometimes,more_1kg,biomethanation,monthly,3,1-2,sell,3,0,80.38,1
user1607@gmail.com,1,Large house,Malappuram,0,13,Plastic bottle,1-3,Never,less_250g,collector,weekly,4,6+,trash,0,2,71.08,1
user1611@gmail.com,6+,Apartment,Idukki,6,10,Plastic packet,,Sometimes,more_1kg,community,monthly,2,1-2,recycle,3,0,74.2,1
user1622@gmail.com,1,Large house,Alappuzha,0,12,Loose / refill,4-7,Never,less_250g,biomethanation,no,2,1-2,sell,0,0,70.17,1
user1631@gmail.com,1,Small house,Kasaragod,0,19,Plastic packet,,Never,less_250g,home_compost,weekly,4,none,sell,0,3,98.77,1
user1636@gmail.com,1,Large house,Ernakulam,0,2,Plastic packet,,Sometimes,less_250g,home_compost,no,2,1-2,sell,0,0,84.97,1
user1639@gmail.com,6+,Small house,Thrissur,6,5,Loose / refill,4-7,Always,more_1kg,home_compost,monthly,4,6+,trash,3,2,83.82,1
user1677@gmail.com,1,Apartment,Palakkad,0,3,Plastic packet,4-7,Never,less_250g,worm_compost,daily,4,6+,store,0,2,84.27,1
user1697@gmail.com,6+,Large house,Kottayam,5,3,Plastic packet,,Sometimes,more_1kg,mixed,weekly,3,3-5,store,3,1,73.05,1
user1700@gmail.com,6+,Large house,Pathanamthitta,5,7,Loose / refill,,Sometimes,more_1kg,collector,daily,4,none,store,3,3,78.53,1
user1717@gmail.com,6+,Large house,Pathanamthitta,3,2,Plastic bottle,7+,Always,more_1kg,home_compost,monthly,4,1-2,sell,3,0,76.37,1
user1728@gmail.com,1,Apartment,Kannur,0,13,Loose / refill,7+,Always,less_250g,mixed,no,3,1-2,store,0,0,73.99,1
user1738@gmail.com,6+,Apartment,Ernakulam,6,20,Plastic bottle,7+,Never,more_1kg,worm_compost,daily,1,3-5,store,3,1,78.48,1
user1743@gmail.com,1,Small house,Alappuzha,0,20,Plastic bottle,7+,Always,less_250g,biomethanation,monthly,1,6+,sell,0,2,76.18,1
user1749@gmail.com,6+,Apartment,Alappuzha,6,13,Plastic packet,7+,Never,more_1kg,biomethanation,daily,3,none,sell,3,3,86.72,1
user1750@gmail.com,6+,Apartment,Ernakulam,6,20,Loose / refill,1-3,Always,more_1kg,home_compost,daily,4,none,store,3,3,94.95,1
user1758@gmail.com,6+,Small house,Malappuram,6,13,Plastic bottle,4-7,Always,more_1kg,home_compost,no,2,6+,trash,3,2,71.98,1
user1759@gmail.com,1,Apartment,Malappuram,1,2,Plastic bottle,1-3,Always,less_250g,collector,monthly,1,none,store,0,3,81.27,1
user1769@gmail.com,6+,Large house,Thrissur,6,20,Plastic packet,7+,Never,more_1kg,collector,daily,3,1-2,recycle,3,0,94.18,1
user1834@gmail.com,6+,Small house,Palakkad,6,4,Plastic bottle,4-7,Always,more_1kg,community,monthly,4,6+,store,3,2,87.22,1
user1839@gmail.com,6+,Apartment,Alappuzha,6,5,Plastic bottle,,Sometimes,more_1kg,mixed,monthly,1,6+,recycle,3,2,71.9,1
user1877@gmail.com,1,Apartment,Kasaragod,0,17,Loose / refill,,Always,less_250g,biomethanation,no,4,6+,recycle,0,2,76.61,1
user1878@gmail.com,1,Large house,Palakkad,0,15,Plastic bottle,1-3,Sometimes,less_250g,biomethanation,daily,4,6+,recycle,0,2,70.59,1
user1882@gmail.com,1,Apartment,Wayanad,1,6,Plastic bottle,4-7,Always,less_250g,biomethanation,weekly,4,none,recycle,0,3,73.11,1
user1908@gmail.com,6+,Small house,Alappuzha,4,2,Loose / refill,,Never,more_1kg,collector,daily,4,none,sell,3,3,81.71,1
user1917@gmail.com,1,Large house,Malappuram,0,2,Plastic packet,1-3,Always,less_250g,collector,no,0,3-5,sell,0,1,76.56,1
user1937@gmail.com,1,Small house,Kollam,0,9,Plastic packet,7+,Always,less_250g,biomethanation,monthly,4,1-2,store,0,0,78.82,1
user1968@gmail.com,6+,Large house,Kollam,5,20,Plastic bottle,1-3,Always,more_1kg,community,monthly,1,3-5,trash,3,1,75.36,1
user1970@gmail.com,1,Apartment,Thiruvananthapuram,0,2,Loose / refill,1-3,Always,less_250g,collector,weekly,3,1-2,sell,0,0,88.66,1
user1983@gmail.com,6+,Small house,Thiruvananthapuram,6,10,Plastic packet,1-3,Sometimes,more_1kg,worm_compost,no,1,6+,recycle,3,2,70.28,1
user1989@gmail.com,1,Small house,Kasaragod,0,12,Loose / refill,,Sometimes,less_250g,biomethanation,monthly,2,none,sell,0,3,76.87,1
